{
    "ticker": "AMER3",
    "at": 16249000.0,
    "ac": 7771000.0,
    "anc": 8478000.0,
    "pc": 4664000.0,
    "pnc": 6826000.0,
    "pl": 4759000.0,
    "cx": 1054000.0,
    "div_bruta": 6826000.0,
    "div_liq": 5772000.0,
    "receita": 12305000.0,
    "lb": 3324000.0,
    "mb": 0.27013409183258835,
    "ebitda": 700000.0,
    "m_ebitda": 0.05688744412840309,
    "ebit": 331000.0,
    "m_ebit": 0.026899634295002032,
    "nopat": 218459.99999999997,
    "ll": -271000.0,
    "margem_liq": -0.022023567655424625,
    "lc": 1.6661663807890223,
    "ls": 1.2341337907375642,
    "li": 0.1884648370497427,
    "lg": 1.028981723237598,
    "ccl": 3107000.0,
    "aco": 6717000.0,
    "pco": 4664000.0,
    "ncg": 2053000.0,
    "st": 1054000.0,
    "eg": 0.7071204381808112,
    "rc": 2.4143727673881066,
    "ce": 0.40591818973020016,
    "roe": -0.05694473628913637,
    "roa": -0.016677949412271523,
    "roi": 0.02037048433749769,
    "roic": 0.03143101319912639,
    "beta": 1.2415344533711805,
    "ke": 0.17578439493541492,
    "wacc": 0.12276467289578244,
    "cap_investido": 10531000.0,
    "eva": -1074374.770265485,
    "preco": 4.71,
    "n_shares": 200244236,
    "mkt_cap": 943150351.56,
    "ev": 6715150351.559999,
    "p_l": null,
    "p_vpa": 0.19818246513133012,
    "dy": 0.0,
    "ev_ebitda": 9.593071930799999,
    "ev_ebit": 20.287463297764347
}