{
    "ticker": "ASAI3",
    "at": 47825000.0,
    "ac": 17800000.0,
    "anc": 30025000.0,
    "pc": 16817000.0,
    "pnc": 25454000.0,
    "pl": 5554000.0,
    "cx": 5854000.0,
    "div_bruta": 27173000.0,
    "div_liq": 21319000.0,
    "receita": 77307000.0,
    "lb": 13041000.0,
    "mb": 0.16869106290504093,
    "ebitda": 3922000.0,
    "m_ebitda": 0.05073279263197382,
    "ebit": 3623000.0,
    "m_ebit": 0.046865096304345016,
    "nopat": 2391179.9999999995,
    "ll": 497000.0,
    "margem_liq": 0.00642891329375089,
    "lc": 1.0584527561396206,
    "ls": 0.6122376166973895,
    "li": 0.34810013676636736,
    "lg": 0.4804712450616262,
    "ccl": 983000.0,
    "aco": 11946000.0,
    "pco": 15098000.0,
    "ncg": -3152000.0,
    "st": 4135000.0,
    "eg": 0.883868269733403,
    "rc": 7.610911055095427,
    "ce": 0.39783776111281965,
    "roe": 0.08948505581562838,
    "roa": 0.010392054364871929,
    "roi": 0.07575535807631992,
    "roic": 0.1348193353924013,
    "beta": 1.2727684141633033,
    "ke": 0.17750226277898168,
    "wacc": 0.1013625131382181,
    "cap_investido": 26873000.0,
    "eva": -332734.81556333555,
    "preco": 8.45,
    "n_shares": 1341749942,
    "mkt_cap": 11337787009.9,
    "ev": 32656787009.9,
    "p_l": 22.81244871207243,
    "p_vpa": 2.041373246290961,
    "dy": 138.0,
    "ev_ebitda": 8.326564765400306,
    "ev_ebit": 9.013741929312724
}