{
    "ticker": "ABEV3",
    "at": 145087151.0,
    "ac": 43875596.0,
    "anc": 101211555.0,
    "pc": 45599307.0,
    "pnc": 10713063.0,
    "pl": 88774781.0,
    "cx": 20319920.0,
    "div_bruta": 11880388.0,
    "div_liq": -8439532.0,
    "receita": 88242467.0,
    "lb": 45378340.0,
    "mb": 0.5142460489006954,
    "ebitda": 30255471.0,
    "m_ebitda": 0.34286746538942525,
    "ebit": 23423386.0,
    "m_ebit": 0.26544346272639907,
    "nopat": 15459434.759999998,
    "ll": 15988433.0,
    "margem_liq": 0.18118751145069414,
    "lc": 0.9621987456958502,
    "ls": 0.7158215584285086,
    "li": 0.40873928193689435,
    "lg": 1.1431937778502308,
    "ccl": -1723711.0,
    "aco": 23555676.0,
    "pco": 44431982.0,
    "ncg": -20876306.0,
    "st": 19152595.0,
    "eg": 0.38812789149054283,
    "rc": 0.6343284586644038,
    "ce": 0.8097564886720271,
    "roe": 0.1801010694692674,
    "roa": 0.11019882112096888,
    "roi": 0.1614435588441598,
    "roic": 0.2915704661598796,
    "beta": 0.7392913259353183,
    "ke": 0.1481610229264425,
    "wacc": 0.14080051520683368,
    "cap_investido": 80335249.0,
    "eva": 4148190.311530728,
    "preco": 16.08,
    "n_shares": 15572694040,
    "mkt_cap": 250408920163.19998,
    "ev": 241969388163.19998,
    "p_l": 15.661880070623553,
    "p_vpa": 2.820721350618707,
    "dy": 111.00000000000001,
    "ev_ebitda": 7.997541607043565,
    "ev_ebit": 10.330248076140656
}